<?xml version='1.0' encoding='UTF-8' standalone='yes'?>
<addon id="script.module.yarl" 
	   name="yarl" 
	   provider-name="T. Gieselaar" 
	   version="1.9.2">
  <requires>
    <import addon="xbmc.python" version="3.0.0" />
  </requires>
  <extension library="lib" point="xbmc.python.module" />
  <extension point="xbmc.addon.metadata">
        <description lan="en">yarl module</description>
        <summary lang="en">yarl module</summary>
        <license>MIT</license>
        <platform>all</platform>
        <email></email>
        <website>https://pypi.org/project/yarl/#files</website>
        <forum></forum>
        <source>https://github.com/aio-libs/yarl</source>
        <language></language>
		<path>script.module.yarl/script.module.yarl-1.9.2.zip</path>
   </extension>
</addon>