<?xml version="1.0" encoding="UTF-8"?>
<window>
	<views>50</views>
	<type>window</type>
	<allowoverlay>yes</allowoverlay>
	<!--<animation effect="fade" time="100">WindowOpen</animation>
	<animation effect="slide" end="0,576" time="100">WindowClose</animation>-->
	<controls>
		<control type="image">
			<posx>0</posx>
			<posy>5</posy>
			<width>1920</width>
			<height>1070</height>
			<aspectratio>scale</aspectratio>
			<texture>charcoal.png</texture>
            <visible>true</visible>
		</control>

		<control type="group" id="1000">
            <description>Initial EPG group</description>
            <left>0</left>
            <top>5</top>
            <width>1920</width>
            <height>1070</height>
            <visible>true</visible>
			<control type="image" id="1001">
                <description>Main screen header</description>
                <left>0</left>
                <top>0</top>
                <width>1920</width>
                <height>60</height>
                <texture>black-back.png</texture>
				<visible>true</visible>
            </control>
			<control type="image" id="1002">
                <description>Header separator</description>
                <left>0</left>
                <top>59</top>
                <width>1920</width>
                <height>1</height>
                <texture>aqua.png</texture>
				<visible>true</visible>
            </control>
			<control type="image" id="1003">
                <description>Footer separator</description>
                <left>0</left>
                <top>910</top>
                <width>1920</width>
                <height>1</height>
                <texture>aqua.png</texture>
				<visible>true</visible>
            </control>
		</control> <!-- End Initial EPG Group -->

		<!-- Header - Date and time display -->
		<control type="group" id="1010">
			<left>0</left>
			<top>5</top>
			<width>1920</width>
			<height>60</height>
			<visible>true</visible>
			<control type="button" id="1016">
				<description>Button one day back</description>
				<left>0</left>
				<top>0</top>
				<width>30</width>
				<height>30</height>
				<visible>true</visible>
				<onright>1017</onright>
				<onleft>1020</onleft>
				<texturefocus colordiffuse="FF00FFFF">button_prev.png</texturefocus>
				<texturenofocus colordiffuse="FFFFFFFF">button_prev.png</texturenofocus>
			</control>
			<control type="label" id="1011">
				<description>Displays EPG day</description>
				<left>30</left>
				<top>0</top>
				<width>130</width>
				<height>30</height>
				<textcolor>white</textcolor>
				<font>font12</font>
				<align>center</align>
				<aligny>center</aligny>
				<visible>true</visible>
			</control>
			<control type="button" id="1017">
				<description>Button one day forward</description>
				<left>160</left>
				<top>0</top>
				<width>30</width>
				<height>30</height>
				<visible>true</visible>
				<onleft>1016</onleft>
				<onright>1018</onright>
				<font>font12</font>
				<textcolor>FFFFFFFF</textcolor>
				<texturefocus colordiffuse="FF00FFFF">button_next.png</texturefocus>
				<texturenofocus colordiffuse="FFFFFFFF">button_next.png</texturenofocus>
			</control>
			<control type="button" id="1018">
				<description>Button 6 hours back</description>
				<left>190</left>
				<top>0</top>
				<width>30</width>
				<height>30</height>
				<visible>true</visible>
				<onleft>1017</onleft>
				<onright>1020</onright>
				<texturefocus colordiffuse="FF00FFFF">button_prev.png</texturefocus>
				<texturenofocus colordiffuse="FFFFFFFF">button_prev.png</texturenofocus>
			</control>
			<control type="label" id="1019">
				<description>Displays EPG start hour</description>
				<left>210</left>
				<top>0</top>
				<width>120</width>
				<height>30</height>
				<textcolor>white</textcolor>
				<font>font12</font>
				<align>center</align>
				<aligny>center</aligny>
				<visible>true</visible>
			</control>
			<control type="button" id="1020">
				<description>Button 6 hours forward</description>
				<left>330</left>
				<top>0</top>
				<width>30</width>
				<height>30</height>
				<visible>true</visible>
				<onleft>1018</onleft>
				<onright>1016</onright>
				<font>font12</font>
				<textcolor>FFFFFFFF</textcolor>
				<texturefocus colordiffuse="FF00FFFF">button_next.png</texturefocus>
				<texturenofocus colordiffuse="FFFFFFFF">button_next.png</texturenofocus>
			</control>
			<control type="label">
				<description>Displays todays date</description>
				<left>1600</left>
				<top>25</top>
				<width>300</width>
				<height>20</height>
				<align>right</align>
				<font>font12</font>
				<textcolor>white</textcolor>
				<visible>true</visible>
				<label>$INFO[System.Date]</label>
			</control>
			<control type="label">
				<description>Display current time</description>
				<left>1700</left>
				<top>5</top>
				<width>200</width>
				<height>20</height>
				<align>right</align>
				<font>font12</font>
				<textcolor>white</textcolor>
				<label>$INFO[System.Time]</label>
			</control>
			<control type="label">
				<description>Display current temperature</description>
				<left>1600</left>
				<top>5</top>
				<width>80</width>
				<height>20</height>
				<align>right</align>
				<font>font12</font>
				<textcolor>white</textcolor>
				<label>$INFO[Weather.Temperature]</label>
				<visible>Skin.HasSetting(show_weatherinfo) + Weather.IsFetched + ![StringCompare(Weather.FanartCode,na) + String.Contains(Weather.Conditions,/)]</visible>
			</control>
			<control type="image">
				<description>Display current weather icon</description>
				<left>1680</left>
				<top>1</top>
				<width>40</width>
				<height>35</height>
				<fadetime>300</fadetime>
				<aspectratio align="right">keep</aspectratio>
				<texture colordiffuse="button_focus">weather/small/$INFO[Weather.FanartCode].png</texture>
				<visible>Skin.HasSetting(show_weatherinfo) + Weather.IsFetched + ![StringCompare(Weather.FanartCode,na) + String.Contains(Weather.Conditions,/)]</visible>
			</control>
			<control type="label" id="1012">
				<description>1st half hour label</description>
				<left>400</left>
				<top>28</top>
				<width>300</width>
				<height>20</height>
				<textcolor>white</textcolor>
				<align>left</align>
				<font>font10</font>
			</control>

			<control type="label" id="1013">
				<description>2nd half hour label</description>
				<left>750</left>
				<top>28</top>
				<width>300</width>
				<height>20</height>
				<textcolor>white</textcolor>
				<align>left</align>
				<font>font10</font>
			</control>

			<control type="label" id="1014">
				<description>3rd half hour label</description>
				<left>1100</left>
				<top>28</top>
				<width>300</width>
				<height>20</height>
				<textcolor>white</textcolor>
				<align>left</align>
				<font>font10</font>
			</control>

			<control type="label" id="1015">
				<description>4th half hour column</description>
				<left>1450</left>
				<top>28</top>
				<width>300</width>
				<height>20</height>
				<textcolor>white</textcolor>
				<font>font10</font>
				<align>left</align>
			</control>
		</control>
		<!-- End Header -->

		<!-- Body -->
		<control type="group" id="2000">
			<description>Body container</description>
			<left>0</left>
			<top>65</top>
			<width>1920</width>
			<height>850</height>
			<control type="group" id="2001">
				<description>Column for channel icons</description>
				<left>0</left>
				<top>0</top>
				<width>60</width>
				<height>860</height>
			</control>
			<control type="group" id="2002">
				<description>Column for channel names</description>
				<left>60</left>
				<top>0</top>
				<width>340</width>
				<height>850</height>
			</control>
			<control type="group" id="2003">
				<description>Event container</description>
				<left>400</left>
				<top>0</top>
				<width>1520</width>
				<height>850</height>
				<!-- Event grid -->
				<control type="image" id="2101">
					<description>Vertical bar over EPG 1st half hour</description>
					<left>0</left>
					<top>0</top>
					<width>1</width>
					<height>850</height>
					<visible>True</visible>
					<texture>black.png</texture>
				</control>
				<control type="image" id="2102">
					<description>Vertical bar over EPG 2nd half hour</description>
					<left>350</left>
					<top>0</top>
					<width>1</width>
					<height>850</height>
					<visible>True</visible>
					<texture>black.png</texture>
				</control>
				<control type="image" id="2103">
					<description>Vertical bar over EPG 3rd half hour</description>
					<left>700</left>
					<top>0</top>
					<width>1</width>
					<height>850</height>
					<visible>True</visible>
					<texture>black.png</texture>
				</control>
				<control type="image" id="2104">
					<description>Vertical bar over EPG 4th half hour</description>
					<left>1050</left>
					<top>0</top>
					<width>1</width>
					<height>850</height>
					<visible>True</visible>
					<texture>black.png</texture>
				</control>
				<control type="image" id="2105">
					<description>Vertical bar end</description>
					<left>1200</left>
					<top>00</top>
					<width>1</width>
					<height>850</height>
					<visible>True</visible>
					<texture>black.png</texture>
				</control>
            	<control type="image" id="2100">
                	<description>Vertical bar over EPG</description>
                	<left>0</left>
                	<top>0</top>
                	<width>2</width>
                	<height>850</height>
                	<visible>True</visible>
                	<texture>aqua.png</texture>
            	</control>
				<control type="image" id="2106">
                	<description>Left part of EPG grid</description>
                	<left>0</left>
                	<top>0</top>
                	<width>0</width>
                	<height>850</height>
                	<texture>grey.png</texture>
					<visible>true</visible>
				</control>
				<control type="image" id="2107">
                	<description>Right part of EPG grid</description>
                	<left>100</left>
                	<top>0</top>
                	<width>0</width>
                	<height>850</height>
					<visible>true</visible>
                	<texture colordiffuse="8000FFFF">black.png</texture>
				</control>

			</control>
		</control>

		<!-- controls to display events -->
		<control type="group" id="4000">
			<description>Main screen footer</description>
			<left>0</left>
			<top>910</top>
			<width>1920</width>
			<height>160</height>
			<texture>black-back.png</texture>
			<visible>true</visible>
			<control type="label" id="1201">
				<description>Program title</description>
				<posx>3</posx>
				<posy>5</posy>
				<width>300</width>
				<height>50</height>
				<font>font12</font>
				<aligny>center</aligny>
				<align>left</align>
			</control>
			<control type="label" id="1204">
				<description>Season info</description>
				<posx>310</posx>
				<posy>5</posy>
				<height>50</height>
				<width>150</width>
				<font>font12</font>
				<aligny>center</aligny>
				<align>left</align>
			</control>
			<control type="label" id="1202">
				<description>program start and end time</description>
				<posx>470</posx>
				<posy>5</posy>
				<width>200</width>
				<height>50</height>
				<font>font12</font>
				<aligny>center</aligny>
				<align>left</align>
			</control>
			<control type="label" id="1203">
				<description>Program description</description>
				<posx>3</posx>
				<posy>50</posy>
				<width>1000</width>
				<height>118</height>
				<font>font12</font>
				<aligny>top</aligny>
				<align>left</align>
				<wrapmultiline>true</wrapmultiline>
				<scroll>true</scroll>
			</control>
		</control>
	</controls>
</window>
