<?xml version='1.0' encoding='UTF-8' standalone='yes'?>
<addon id="script.module.aiosignal" 
	   name="aiosignal" 
	   provider-name="T. Gieselaar" 
	   version="1.3.1">
  <requires>
    <import addon="xbmc.python" version="3.0.0" />
  </requires>
  <extension library="lib" point="xbmc.python.module" />
  <extension point="xbmc.addon.metadata">
        <description lan="en">aiosignal module</description>
        <summary lang="en">aiosignal module</summary>
        <license>MIT</license>
        <platform>all</platform>
        <email></email>
        <website>https://pypi.org/project/aiosignal/#files</website>
        <forum></forum>
        <source>https://github.com/aio-libs/aiosignal</source>
        <language></language>
		<path>script.module.aiosignal/script.module.aiosignal-1.3.1.zip</path>
   </extension>
</addon>