<?xml version="1.0" encoding="UTF-8"?>
    <addon id="repository.ziggotv" name="Ziggo TV repository" version="1.0.0" provider-name="Anon">
        <requires>
            <import addon="xbmc.addon" version="12.0.0"/>
        </requires>
        <extension point="xbmc.addon.repository" name="Ziggo TV repository">
			<dir>
                <info compressed="false">https://ziggotv.github.io/ziggotv/addons.xml</info>
				<checksum>https://ziggotv.github.io/ziggotv/addons.xml.md5</checksum>
				<datadir zip="true">https://ziggotv.github.io/ziggotv/</datadir>
				<hashes>true</hashes>
			</dir>
        </extension>
        <extension point="xbmc.addon.metadata">
            <summary>Ziggo TV Repository</summary>
            <description>Ziggo TV Repository</description>
            <platform>all</platform>
    </extension>
</addon>