<?xml version="1.0" encoding="UTF-8"?>
    <addon id="repository.ziggotv" name="Ziggo TV repository" version="1.0.0" provider-name="tgiesela">
        <requires>
            <import addon="xbmc.addon" version="12.0.0"/>
        </requires>
        <extension point="xbmc.addon.repository" name="Ziggo TV repository">
			<dir>
                <info compressed="false">https://ziggotv.github.io/ziggotv/addons.xml</info>
				<checksum>https://ziggotv.github.io/ziggotv/addons.xml.sha256</checksum>
				<datadir zip="true">https://ziggotv.github.io/ziggotv/</datadir>
				<hashes>sha256</hashes>
			</dir>
        </extension>
        <extension point="xbmc.addon.metadata">
            <summary>Repository for dutch tv</summary>
            <description>Ziggo TV repository</description>
            <platform>all</platform>
    </extension>
</addon>