<?xml version='1.0' encoding='UTF-8' standalone='yes'?>
<addon id="script.module.attr" 
	   name="attr" 
	   provider-name="T. Gieselaar" 
	   version="0.0.1">
  <requires>
    <import addon="xbmc.python" version="3.0.0" />
  </requires>
  <extension library="lib" point="xbmc.python.module" />
  <extension point="xbmc.addon.metadata">
        <description lan="en">attr module</description>
        <summary lang="en">attr module</summary>
        <license>MIT</license>
        <platform>all</platform>
        <website>https://pypi.org/project/attr/#files</website>
        <forum></forum>
        <source>https://github.com/aio-libs/attr</source>
        <language></language>
		<path>script.module.attr/script.module.attr-0.0.1.zip</path>
   </extension>
</addon>