<?xml version="1.0" encoding="UTF-8" standalone="yes"?>
<addon id="plugin.video.ziggotv" name="Ziggo TV" version="1.0.15" provider-name="anon">
    <requires>
        <import addon="xbmc.python" version="3.0.0"/>
        <import addon="script.module.requests" version="2.31.0"/>
        <import addon="script.module.pycryptodome" version="3.4.3"/>
        <import addon="inputstream.adaptive" version="20.3.18"/>
        <import addon="script.module.inputstreamhelper" version="0.7.0"/>
        <import addon="script.module.pyjwt" version="1.7.1"/>
        <import addon="script.module.web-pdb" version="1.6.2"/>
    </requires>
    <extension point="xbmc.python.pluginsource" library="addon.py">
        <provides>video</provides>
    </extension>
    <extension point="xbmc.service" library="proxyservice.py"/>
    <extension point="xbmc.addon.metadata">
        <summary lang="en_GB">Watch (Live) TV and content from Ziggo GO (Netherlands)</summary>
        <summary lang="nl_NL">Bekijk (Live) TV en content van Ziggo GO (Nederland)</summary>
        <description lang="en_GB">Watch (Live) TV and content from Ziggo GO (Netherlands). Subscription required.</description>
        <description lang="nl_NL">Bekijk (Live) TV en content van Ziggo GO (Nederland). Abonnement vereist.</description>
        <reuselanguageinvoker>true</reuselanguageinvoker>
        <assets>
            <icon>resources/icon.png</icon>
            <fanart>resources/fanart.jpg</fanart>
        </assets>
        <news>v1.0.5 (2024-05-11)
- Changed URL's to new ziggo server
- Adjusted authentication according to new server
- Adjusted recording api to new server
- Individual recording of shows cannot be deleted anymore due to changed ziggo api
- Small modifications to EPG-screen
- ISA: manifest_type no longer set, header in manifest response now set cfm wiki
        </news>
        <news>v1.0.11 (2024-09-27)
- Fixed issue with switching to other channel without stopping it
- Implement fall-back to lower-resolution when outside ziggo network
        </news>
        <news>v1.0.12 (2024-11-09)
- Fixed issue with list of recordings when adult is allowed
- Fixed issue with return to previous list for recordings
        </news>
        <news>v1.0.13 (2024-11-10)
- Fixed setting of title when 'title' is absent
        </news>
        <news>v1.0.14 (2024-12-15)
- Fixed issue with missing 'trickPlayControl' in recordings
        </news>
        <news>v1.0.15 (2025-01-16)
- Improved error-handling, solved error message b''
- Set default timers to more realistic values
- Fix for non-numeric versions of Kodi such as 20.0-ALPHA1
        </news>
    </extension>
</addon>