<?xml version="1.0" encoding="UTF-8" standalone="yes"?>
<addon id="plugin.video.ziggotv" name="Ziggo TV" version="1.0.8" provider-name="anon">
    <requires>
        <import addon="xbmc.python" version="3.0.0"/>
        <import addon="script.module.requests" version="2.31.0"/>
        <import addon="script.module.pycryptodome" version="3.4.3"/>
        <import addon="inputstream.adaptive" version="20.3.18"/>
        <import addon="script.module.inputstreamhelper" version="0.6.1"/>
        <import addon="script.module.pyjwt" version="1.7.1"/>
        <import addon="script.module.web-pdb" version="1.6.2"/>
    </requires>
    <extension point="xbmc.python.pluginsource" library="addon.py">
        <provides>video</provides>
    </extension>
    <extension point="xbmc.service" library="proxyservice.py"/>
    <extension point="xbmc.addon.metadata">
        <summary lang="en_GB">Watch (Live) TV and content from Ziggo GO (Netherlands)</summary>
        <summary lang="nl_NL">Bekijk (Live) TV en content van Ziggo GO (Nederland)</summary>
        <description lang="en_GB">Watch (Live) TV and content from Ziggo GO (Netherlands). Subscription required.</description>
        <description lang="nl_NL">Bekijk (Live) TV en content van Ziggo GO (Nederland). Abonnement vereist.</description>
        <reuselanguageinvoker>true</reuselanguageinvoker>
        <assets>
            <icon>resources/icon.png</icon>
            <fanart>resources/fanart.jpg</fanart>
        </assets>
        <news>v1.0.5 (2024-05-11)
- Changed URL's to new ziggo server
- Adjusted authentication according to new server
- Adjusted recording api to new server
- Individual recording of shows cannot be deleted anymore due to changed ziggo api
- Small modifications to EPG-screen
- ISA: manifest_type no longer set, header in manifest response now set cfm wiki
        </news>
    </extension>
</addon>