<?xml version='1.0' encoding='UTF-8' standalone='yes'?>
<addon id="script.module.frozenlist" 
	   name="frozenlist" 
	   provider-name="T. Gieselaar" 
	   version="1.4.0">
  <requires>
    <import addon="xbmc.python" version="3.0.0" />
  </requires>
  <extension library="lib" point="xbmc.python.module" />
  <extension point="xbmc.addon.metadata">
        <description lan="en">frozenlist module</description>
        <summary lang="en">frozenlist module</summary>
        <license>MIT</license>
        <platform>all</platform>
        <email></email>
        <website>https://pypi.org/project/frozenlist/#files</website>
        <forum></forum>
        <source>https://github.com/aio-libs/frozenlist</source>
        <language></language>
		<path>script.module.frozenlist/script.module.frozenlist-1.4.0.zip</path>
   </extension>
</addon>