<?xml version='1.0' encoding='UTF-8' standalone='yes'?>
<addon id="script.module.charset_normalizer" 
	   name="charset_normalizer" 
	   provider-name="T. Gieselaar" 
	   version="3.3.0">
  <requires>
    <import addon="xbmc.python" version="3.0.0" />
  </requires>
  <extension library="lib" point="xbmc.python.module" />
  <extension point="xbmc.addon.metadata">
        <description lan="en">charset_normalizer module</description>
        <summary lang="en">charset_normalizer module</summary>
        <license>MIT</license>
        <platform>all</platform>
        <email></email>
        <website>https://pypi.org/project/charset_normalizer/#files</website>
        <forum></forum>
        <source>https://github.com/aio-libs/charset_normalizer</source>
        <language></language>
		<path>script.module.charset_normalizer/script.module.charset_normalizer-3.3.0.zip</path>
   </extension>
</addon>