<?xml version='1.0' encoding='UTF-8' standalone='yes'?>
<addon id="script.module.multidict" 
	   name="multidict" 
	   provider-name="T. Gieselaar" 
	   version="6.0.4">
  <requires>
    <import addon="xbmc.python" version="3.0.0" />
  </requires>
  <extension library="lib" point="xbmc.python.module" />
  <extension point="xbmc.addon.metadata">
        <description lan="en">multidict module</description>
        <summary lang="en">multidict module</summary>
        <license>MIT</license>
        <platform>all</platform>
        <email></email>
        <website>https://pypi.org/project/multidict/#files</website>
        <forum></forum>
        <source>https://github.com/aio-libs/multidict</source>
        <language></language>
		<path>script.module.multidict/script.module.multidict-6.0.4.zip</path>
   </extension>
</addon>