<?xml version="1.0" encoding="UTF-8"?>
    <addon id="repository.ziggotv" name="Ziggo TV repository" version="0.9.2" provider-name="T. Gieselaar">
        <requires>
            <import addon="xbmc.addon" version="12.0.0"/>
        </requires>
        <extension point="xbmc.addon.repository" name="Ziggo TV repository">
			<dir>
                <info compressed="false">https://gieselaar.ddns.net:3333/repo/addons.xml</info>
				<checksum>https://gieselaar.ddns.net:3333/repo/addons.xml.md5</checksum>
				<datadir zip="true">https://gieselaar.ddns.net:3333/repo/</datadir>
				<hashes>true</hashes>
			</dir>
        </extension>
        <extension point="xbmc.addon.metadata">
            <summary>Ziggo TV Repository</summary>
            <description>Ziggo TV Repository</description>
            <platform>all</platform>
    </extension>
</addon>