<?xml version='1.0' encoding='UTF-8' standalone='yes'?>
<addon id="script.module.async_timeout" 
	   name="async_timeout" 
	   provider-name="T. Gieselaar" 
	   version="4.0.3">
  <requires>
    <import addon="xbmc.python" version="3.0.0" />
  </requires>
  <extension library="lib" point="xbmc.python.module" />
  <extension point="xbmc.addon.metadata">
        <description lan="en">async_timeout module</description>
        <summary lang="en">async_timeout module</summary>
        <license>MIT</license>
        <platform>all</platform>
        <website>https://pypi.org/project/async_timeout/#files</website>
        <forum></forum>
        <source>https://github.com/aio-libs/async_timeout</source>
        <language></language>
		<path>script.module.async_timeout/script.module.async_timeout-4.0.3.zip</path>
   </extension>
</addon>