<?xml version='1.0' encoding='UTF-8' standalone='yes'?>
<addon id="script.module.aiohttp" 
	   name="aiohttp" 
	   provider-name="T. Gieselaar" 
	   version="3.8.6">
  <requires>
    <import addon="xbmc.python" version="3.0.0" />
  </requires>
  <extension point="xbmc.python.module" library="lib" />
  <extension point="xbmc.addon.metadata">
    <summary lang="en">aiohttp module</summary>
    <description lan="en">aiohttp module</description>
    <license>MIT</license>
    <platform>all</platform>
    <website>https://docs.aiohttp.org/en/stable/</website>
    <forum></forum>
    <source>https://github.com/aio-libs/aiohttp</source>
	<path>script.module.aiohttp/script.module.aiohttp-3.8.6.zip</path>
   </extension>
</addon>